Artist,Track
IDK,Breathe
IDK,Drugstore
Jack Harlow,Dua Lipa
Jack Harlow,I Got A Shot
Jack Harlow,I'd Do Anything To Make You Smile
Jack Harlow,Like A Blade Of Grass
Jack Harlow,Young Harleezy
Jack Harlow,Side Piece
Jack Harlow,Lil Secret
Jack Harlow,State Fair
Jack Harlow,Talk Of The Town
Post Malone,Wrapped Around Your Finger
Post Malone,Reputation
Post Malone,Insane
Post Malone,Track 3
Post Malone,When I’m Alone
Post Malone,Euthanasia
Post Malone,Waiting For A Miracle
Post Malone,"New Recording 12, Jan 3, 2020"
Kevin Gates,Truth Be Told
Kevin Gates,Free At Last
Kevin Gates,I’m In Love
Kevin Gates,Hard To Sleep
Kevin Gates,PTOE
Kevin Gates,Scars
Kevin Gates,Black Clouds
Kevin Gates,Plug Cry
Kevin Gates,Shoot My Shot
Kevin Gates,Body
Kevin Gates,One Day
Kevin Gates,Mine
Kevin Gates,You
Kevin Gates,Ups And Downs
Kevin Gates,Steppin'
Kevin Gates,Intro
Logic,BLACKWHITEBOY
Logic,Rogue One
Logic,Quasi
Logic,LaDonda
Logic,Sayonara
Logic,Danger
Logic,Tony Revolori
Logic,Michael Rap
Logic,NeedleDrop
Logic,EarlyBird
Logic,NEMS
Logic,Lena's Insight
Logic,Aaron Judge
Chris Brown,Dream
Chris Brown,Survive The Night
Chris Brown,Pitch Black
Chris Brown,Sleep At Night
Chris Brown,Passing Time
Chris Brown,On Some New Shit
Chris Brown,Luckiest Man
Chris Brown,Harder
Chris Brown,Forbidden
Chris Brown,Slide
Cochise,MR.PROFESSOR
Cochise,MEGAMAN
Cochise,DOUBLE IT UP
Cochise,HALO
Cochise,PROFESSOR PROFESSOR
Brent Faiyaz,ALL MINE
Brent Faiyaz,JACKIE BROWN
Brent Faiyaz,LOOSE CHANGE
Brent Faiyaz,ROLLING STONE
Brent Faiyaz,HEAL YOUR HEART (INTERLUDE)
Brent Faiyaz,ROLE MODEL
Brent Faiyaz,BAD LUCK
Brent Faiyaz,ANGEL
Brent Faiyaz,VILLAIN'S THEME
Brent Faiyaz,SKIT: EGOMANIAC
Brent Faiyaz,SKIT: WAKE UP CALL
Brent Faiyaz,SKIT: OBLIVION
Lizzo,The Sign
Lizzo,I Love You Bitch
Lizzo,Birthday Girl
Lizzo,Everybodyâ€™s Gay
Lizzo,Break Up Twice
Lizzo,Naked
Lizzo,Coldplay
Lizzo,If You Love Me
$uicideboy$,Matte Black
$uicideboy$,1000 Blunts
$uicideboy$,Genesis
$uicideboy$,Fucking Your Culture
$uicideboy$,$uicideboy$ Were Better In 2015
$uicideboy$,In Constant Sorrow
$uicideboy$,"No Matter Which Direction I'm Going In, I Never Chase These Hoes"
$uicideboy$,Unlucky Me
$uicideboy$,Eulogy
$uicideboy$,Resistance Is Useless
$uicideboy$,Ashes of Luxury
Young Nudy,Impala
Young Nudy,Nun To Do
Young Nudy,Fresh As Fuck
Young Nudy,Project X
Young Nudy,KitKat
Young Nudy,Lunch Meat
Young Nudy,My Gang
Young Nudy,Ready
Young Nudy,No Chaser
Young Nudy,Sick of Slime
Chris Patrick,Oakland Interlude
Chris Patrick,Useless
Freddie Dredd,Limbo
Freddie Dredd,Want
Freddie Dredd,Lust
Freddie Dredd,Heresy
Freddie Dredd,Gluttony
Freddie Dredd,Tip Toe
Freddie Dredd,Regardless
Freddie Dredd,Pull The Trigger
Freddie Dredd,Treachery
Freddie Dredd,Violence
Freddie Dredd,Fraud
Destroy Lonely,NOSTYLIST
Destroy Lonely,TURNINUP
Destroy Lonely,VTMNTSCOAT
Destroy Lonely,FAKENGGAS
Destroy Lonely,LNLY
Destroy Lonely,BERGDORF
Destroy Lonely,_3MYGNG
The Game,The Black Slim Shady
The Game,Home Invasion
The Game,Start from Scratch II
The Game,Heart Vs. Mind
The Game,La La Land
The Game,A Father's Prayer
The Game,Twisted
The Game,DRAKE with the BRAIDS - Interlude
Megan Thee Stallion,Anxiety
Megan Thee Stallion,Gift & A Curse
Megan Thee Stallion,NDA
Megan Thee Stallion,Not Nice
Megan Thee Stallion,Ms. Nasty
Megan Thee Stallion,Red Wine
Megan Thee Stallion,Flip Flop
Rod Wave,Sweet Little Lies
Rod Wave,No Deal
Rod Wave,Pieces
Rod Wave,Yungen
Rod Wave,Never Get Over Me
Rod Wave,Married Next Year
Rod Wave,Me vs. The World
Rod Wave,Keep Going
Rod Wave,Mafia
Rod Wave,Better
Rod Wave,Time Kills (Love Birds)
Rod Wave,I Know It
Rod Wave,Fading
Rod Wave,Everything
Rod Wave,Rockstar Heart
Rod Wave,Never Find Us
Rod Wave,Druski Phone Skit
Rod Wave,Pt. II
EST Gee,Have Mercy
EST Gee,I Can't Feel A Thing
EST Gee,Come Home
EST Gee,Get Em' Geeski
EST Gee,Bow And Say Grace
EST Gee,Double Back
EST Gee,X
EST Gee,Is Heaven For A Gangsta
EST Gee,Voices In My Head
EST Gee,Both Arms
EST Gee,I Won't Let Em' Kill Me
EST Gee,Get It Going
EST Gee,Foreva
DaBaby,SOCKS
DaBaby,BOOGEYMAN
DaBaby,GO AGAIN - Intro
DaBaby,SUMMA DAT
DaBaby,DROP DAT DISS
DaBaby,THAT'S WHY I CREEP
DaBaby,NO CONDOM
DaBaby,KEEP IT CUTE
DaBaby,DON'T LET EM LIE
DaBaby,ACT THAT HARD
DaBaby,ONE MAN ARMY
DaBaby,STILL
DaBaby,CALL OF DUTY
Open Mike Eagle,For Doom
Open Mike Eagle,I'll Fight You
Open Mike Eagle,79th and Stony Island
Lil Baby,California Breeze
Lil Baby,Real Spill
Lil Baby,Not Finished
Lil Baby,Stand On It
Lil Baby,Perfect Timing
Lil Baby,FR
Lil Baby,Russian Roulette
Lil Baby,Double Down
Lil Baby,Waterfall Flow
Lil Baby,Everything
Lil Baby,Danger
Lil Baby,Top Priority
Lil Baby,No Fly Zone
Tee Grizzley,Ms. Evans 2
Tee Grizzley,Jay & Twan 3
Tee Grizzley,Foreword
Tee Grizzley,Shakespeare's Classic
Tee Grizzley,Tez & Tone 2
Tee Grizzley,Seen So Much
Tee Grizzley,Free Baby Grizz Part 3
Tee Grizzley,"Robbery, Pt. 5"
Kodak Black,300 Blackout
Kodak Black,Slay Like Santa
Kodak Black,Demand My Respect
Kodak Black,I Can't Sleep
Kodak Black,Game From Pluto
Kodak Black,Kodak The Boss
Kodak Black,If You Ever
Kodak Black,Freezing My Pinky
Kodak Black,Silencer
Kodak Black,Hop Out Shoot
Kodak Black,Kutthroat Barbie
Kodak Black,At The Cross
Smino,No L's
Smino,Ole Ass Kendrick
Smino,Blu Billy
Smino,Curtains
Smino,Defibrillator
Smino,Garden Lady
Smino,4rm Da Source
Yung Gravy,Mrs. Worldwide
Yung Gravy,Dancing In The Rain
Yung Gravy,soiree
Yung Gravy,bussin!
Yung Gravy,where they at!
Yung Gravy,Smells Like Money
Yung Gravy,Run Me My Money
Yung Gravy,Steakhouse
Quadeca,sorry4dying
Quadeca,don't mind me
Quadeca,picking up hands
Quadeca,fantasyworld
Quadeca,knots
SleazyWorld Go,Vanish Mode
SleazyWorld Go,Troll Me
SoFaygo,Track 5
SoFaygo,Out
SoFaygo,Transparency
Roddy Ricch,King Size
Roddy Ricch,Heavier
Roddy Ricch,Just Because
Roddy Ricch,No Rest
Roddy Ricch,Fade Away
Roddy Ricch,Favor For A Favor
Roddy Ricch,Letter To My Son
Roddy Ricch,Get Swept
Roddy Ricch,Belly Of The Beast
Roddy Ricch,Blue Cheese
Roddy Ricch,Pressure
Homixide Gang,Lifestyle
Homixide Gang,Drakon !
Homixide Gang,V-Friends
A Boogie Wit da Hoodie,Ballin
A Boogie Wit da Hoodie,February
A Boogie Wit da Hoodie,Money Conversations
A Boogie Wit da Hoodie,Bounce Back
A Boogie Wit da Hoodie,Turn Off The Radio
A Boogie Wit da Hoodie,Emotions
A Boogie Wit da Hoodie,Food for Thought
A Boogie Wit da Hoodie,Soul Snatcher
A Boogie Wit da Hoodie,Regular
A Boogie Wit da Hoodie,Friends With Benefits
A Boogie Wit da Hoodie,I Need It
A Boogie Wit da Hoodie,Back It Up
A Boogie Wit da Hoodie,Come Here
Trippie Redd,MANSION MUSIK
Trippie Redd,FREE RIO
Trippie Redd,VAN HELSING
Trippie Redd,KILLIONAIRE
Don Toliver,Slow Motion
Don Toliver,LoveSickness
Don Toliver,Honeymoon
Don Toliver,Time Heals All
Don Toliver,Leather Coat
Don Toliver,Company Pt. 3
Don Toliver,Encouragement
Yeat,Split
Yeat,No morë talk
Yeat,How it go
Yeat,Bëttr 0ff
Yeat,Slamm
Yeat,Nun id change
Yeat,Mysëlf
Yeat,Shhhh
Yeat,Type monëy
Yeat,Sum 2 do
Yeat,Back up
Yeat,Bad bënd / DëMON
Yeat,Hëavyweight
Yeat,7 nightz
Yeat,Watch
Yeat,Back homë
Yeat,Dëmon tied
Macklemore,1984
Macklemore,I NEED
Macklemore,GRIME
Macklemore,TEARS
Pouya,Broken Soul (breaking bread)
Pouya,Death gotta be easy (cause life is hard)
Pouya,Crawling On My Knees
Pouya,Patty Melts
Pouya,AH FUCK
Rae Sremmurd,Not So Bad (Leans Gone Cold)
Rae Sremmurd,Mississippi Slide
Rae Sremmurd,Flaunt It/Cheap
Rae Sremmurd,Origami (Hotties)
Rae Sremmurd,YMCA
Rae Sremmurd,Bend Ya Knees
Rae Sremmurd,Sexy
Rae Sremmurd,Something I'm Not
Rae Sremmurd,ADHD Anthem (Too Many Emotions)
Rae Sremmurd,Diamonds Dancing
NLE Choppa,HOME
NLE Choppa,TALK DIFFERENT
NLE Choppa,BEFORE I
NLE Choppa,DROP TOP
NLE Choppa,PRETTY BROWN
NLE Choppa,ALL I KNOW
NLE Choppa,ROUND & ROUND
NLE Choppa,THUG IT OUT
NLE Choppa,GLIDE WITH ME
iann dior,start again
iann dior,liar
iann dior,my turn
iann dior,sweetest demon
iann dior,crack another seal
iann dior,memory lane
iann dior,do or die
iann dior,make it right
iann dior,myself
iann dior,catching up
G Herbo,Fuck Opps
G Herbo,Any Other Way
G Herbo,Dead or Alive
G Herbo,Letter to My Love
G Herbo,"Watch Me Ball, Pt. 2"
G Herbo,Everyday
G Herbo,Off Days
G Herbo,What You Need
G Herbo,Feel This
G Herbo,We Don't Care
